PART NUMBER	DESCRIPTION  (optional)	 FOCAL LENGTH 	LENS DIAMETER	CLEAR APERTURE (optional)	NUMBER OF SURFACES	WAVELENGTH MICROMETERS (optional)	WAVELENGTH MICROMETERS (optional)	WAVELENGTH MICROMETERS (optional)	RADIUS 1 	THICK 1	GLASS 1	RADIUS 2	THICK 2	GLASS 2	RADIUS 3	THICK 3	GLASS 3	RADIUS 4	THICK 4	GLASS 4	RADIUS 5	THICK 5	GLASS 5	RADIUS 6	THICK 6	GLASS 6	RADIUS 7	THICK 7	GLASS 7	RADIUS 8	THICK 8	GLASS 8	
47721	Achromat	4,5	3		3				3,16	2	LAKN22	-2,23	1	SFL6	-7,88																		
45089	Achromat	6,00	3,00		3				4,13	1,97	BaFN10	-2,36	1,03	SF10	-21,70																		
45090	Achromat	9,00	3,00		3				5,26	1,47	BK7	-3,98	1,03	SF5	-12,05																		
45262	Achromat	12,00	3,00		3				7,39	1,68	BK7	-5,15	1,00	SF5	-14,62																		
45205	Achromat	8,00	4,00		3				5,76	1,50	BaFN10	-3,49	1,03	SF10	-26,05																		
45407	Achromat	7,50	5,00		3				5,56	3,72	BaFN10	-3,09	1,03	SF10	-18,25																		
45206	Achromat	10,00	5,00		3				7,17	1,73	BaFN10	-4,39	1,03	SF10	-33,96																		
45207	Achromat	15,00	5,00		3				10,67	1,55	BaFN10	-6,46	1,03	SF10	-53,57																		
45408	Achromat	20,00	5,00		3				14,11	1,61	BaFN10	-8,63	1,03	SF10	-75,59																		
45208	Achromat	10,00	6,25		3				6,98	3,06	BaFN10	-4,35	1,03	SF10	-41,01																		
32299	Achromat	12,50	6,25		3				8,63	3,00	BaFN10	-5,29	0,80	SF10	-51,17																		
32301	Achromat	15,00	6,25		3				7,95	2,70	SSKN8	-7,25	0,60	SF10	-277,83																		
32303	Achromat	20,00	6,25		3				12,30	2,70	BK7	-8,71	0,90	SF5	-24,98																		
32305	Achromat	25,00	6,25		3				15,37	2,30	BK7	-11,16	0,90	SF5	-32,17																		
45135	Achromat	30,00	6,25		3				18,11	2,30	BK7	-13,51	0,90	SF5	-39,29																		
32307	Achromat	35,00	6,25		3				23,14	2,30	BK7	-14,51	0,90	SF5	-38,86																		
45173	Achromat	40,00	6,25		3				25,05	2,30	BK7	-17,27	1,00	SF5	-49,33																		
45263	Achromat	50,00	6,25		3				30,77	2,00	BK7	-22,05	1,00	SF5	-64,60																		
45345	Achromat	60,00	6,25		3				37,16	2,30	BK7	-26,28	1,00	SF5	-76,48																		
45346	Achromat	12,00	9,00		3				8,37	5,00	BaFN10	-7,01	2,00	SF57	-26,18																		
45091	Achromat	18,00	9,00		3				12,37	4,32	BaFN10	-7,38	1,15	SF10	-73,86																		
45092	Achromat	27,00	9,00		3				15,36	3,89	BK7	-12,01	1,30	SF5	-39,56																		
45264	Achromat	36,00	9,00		3				22,16	2,50	BK7	-15,98	1,50	SF5	-46,14																		
45818	Achromat	40,00	9,00		3				24,77	3,73	BK7	-18,01	1,33	SF5	-51,17																		
45347	Achromat	45,00	9,00		3				27,83	3,00	BK7	-19,75	1,30	SF5	-57,06																		
45819	Achromat	60,00	9,00		3				36,51	3,50	BK7	-26,33	1,50	SF5	-78,35																		
45820	Achromat	75,00	9,00		3				46,44	3,00	BK7	-33,77	1,60	SF5	-95,94																		
45209	Achromat	14,00	12,50		3				10,60	6,23	BaFN10	-7,72	1,50	SF5	-56,54																		
32309	Achromat	20,00	12,50		3				13,98	5,25	BaFN11	-9,35	1,10	SF10	-76,14																		
32311	Achromat	25,00	12,50		3				17,27	5,00	BaFN10	-10,99	1,25	SF10	-107,03																		
32313	Achromat	30,00	12,50		3				15,97	4,50	SSKN8	-15,00	1,20	SF10	-528,23																		
45210	Achromat	35,00	12,50		3				22,94	3,68	SK11	-15,54	1,50	SF5	-58,84																		
32315	Achromat	40,00	12,50		3				24,77	3,73	BK7	-18,01	1,33	SF5	-51,17																		
45136	Achromat	45,00	12,50		3				26,82	3,50	BK7	-20,12	1,50	SF5	-61,38																		
32317	Achromat	50,00	12,50		3				30,73	3,50	BK7	-22,32	1,50	SF5	-64,75																		
45137	Achromat	60,00	12,50		3				36,51	3,50	BK7	-26,33	1,50	SF5	-78,35																		
32882	Achromat	75,00	12,50		3				46,44	3,00	BK7	-33,77	1,60	SF5	-95,94																		
45409	Achromat	80,00	12,50		3				49,62	2,10	BK7	-35,73	1,60	SF5	-103,22																		
45410	Achromat	90,00	12,50		3				55,80	1,98	BK7	-40,17	1,60	SF5	-116,32																		
45265	Achromat	100,00	12,50		3				61,54	3,00	BK7	-44,39	1,50	SF5	-130,26																		
45174	Achromat	25,00	15,00		3				17,97	6,27	BaFN11	-11,20	1,76	SF10	-85,31																		
32720	Achromat	30,00	15,00		3				20,72	6,00	BaFN10	-13,17	1,50	SF10	-128,44																		
45103	Achromat	40,00	15,00		3				26,97	5,98	BaFN10	-17,64	1,60	SF10	-205,03																		
45138	Achromat	50,00	15,00		3				26,81	5,00	BK7	-23,82	1,50	SF5	-90,79																		
45139	Achromat	75,00	15,00		3				39,61	5,00	BK7	-36,46	2,50	SF5	-145,02																		
45412	Achromat	27,00	18,00		3				18,70	7,67	BaFN10	-13,11	1,60	SF10	-119,12																		
45348	Achromat	30,00	18,00		3				20,73	6,91	BaFN10	-14,31	2,00	SF10	-133,58																		
45413	Achromat	35,00	18,00		3				24,26	6,01	BaFN10	-16,23	1,60	SF10	-152,99																		
45104	Achromat	40,00	18,00		3				26,97	5,98	BaFN10	-17,64	1,60	SF10	-205,03																		
32913	Achromat	50,00	18,00		3				27,12	5,00	SSKN8	-25,66	2,30	SF10	-538,70																		
45349	Achromat	60,00	18,00		3				42,51	3,85	BaFN10	-26,24	2,00	SF10	-226,77																		
45350	Achromat	75,00	18,00		3				53,03	3,27	BaFN10	-32,72	2,00	SF10	-288,05																		
32915	Achromat	80,00	18,00		3				49,67	5,00	BK7	-34,73	2,50	SF5	-100,11																		
45266	Achromat	125,00	18,00		3				76,92	4,50	BK7	-55,48	2,00	SF5	-162,59																		
45175	Achromat	30,00	20,00		3				21,41	8,40	BaFN11	-13,75	1,76	SF10	-105,58																		
45351	Achromat	35,00	20,00		3				24,24	7,33	BaFN11	-15,96	1,76	SF10	-139,78																		
32722	Achromat	40,00	20,00		3				27,63	8,00	BaFN10	-17,58	2,00	SF10	-171,25																		
45267	Achromat	60,00	20,00		3				35,92	5,00	BK7	-28,12	2,00	SF5	-83,79																		
45211	Achromat	30,00	25,00		3				21,17	11,04	BaFN10	-16,08	3,00	SF10	-118,66																		
32319	Achromat	35,00	25,00		3				24,47	11,00	BaFN11	-16,49	2,50	SF10	-131,65																		
32321	Achromat	40,00	25,00		3				27,97	9,50	BaFN11	-18,85	2,50	SF10	-152,94																		
45212	Achromat	45,00	25,00		3				28,75	7,89	SK11	-21,38	3,00	SF5	-82,92																		
32323	Achromat	50,00	25,00		3				34,53	9,00	BaFN10	-21,98	2,50	SF10	-214,63																		
32724	Achromat	60,00	25,00		3				31,94	9,00	SSKN8	-29,95	2,40	SF10	-1029,79																		
32325	Achromat	75,00	25,00		3				46,44	7,00	BK7	-33,77	2,50	SF5	-95,94																		
45213	Achromat	85,00	25,00		3				55,68	5,01	SK11	-38,37	3,00	SF5	-146,45																		
32327	Achromat	100,00	25,00		3				61,47	6,00	BK7	-44,64	2,50	SF5	-129,94																		
32492	Achromat	125,00	25,00		3				76,28	6,00	BK7	-54,55	2,40	SF5	-162,43																		
32494	Achromat	150,00	25,00		3				91,37	5,70	BK7	-66,21	2,20	SF5	-197,71																		
32884	Achromat	175,00	25,00		3				109,16	6,00	BK7	-79,38	3,00	SF5	-226,03																		
32917	Achromat	200,00	25,00		3				124,12	8,50	BK7	-87,26	4,00	SF5	-253,10																		
45214	Achromat	225,00	25,00		3				139,53	3,00	BK7	-100,21	2,50	SF5	-291,32																		
32919	Achromat	250,00	25,00		3				160,73	5,00	BK7	-105,64	2,50	SF5	-295,75																		
45414	Achromat	275,00	25,00		3				171,03	5,00	BK7	-121,54	2,50	SF5	-352,46																		
45215	Achromat	300,00	25,00		3				184,84	3,00	BK7	-134,06	2,50	SF5	-393,98																		
45216	Achromat	400,00	25,00		3				244,65	3,00	BK7	-179,62	2,50	SF5	-534,10																		
45268	Achromat	500,00	25,00		3				290,71	3,00	BK7	-232,07	2,50	SF5	-750,52																		
32496	Achromat	50,00	30,00		3				34,81	11,00	BaFN10	-22,12	2,20	SF10	-203,48																		
45140	Achromat	60,00	30,00		3				32,60	8,47	SSKN8	-31,81	2,99	SF10	-799,64																		
32498	Achromat	75,00	30,00		3				40,51	8,40	SSKN8	-38,68	3,00	SF10	-922,04																		
32500	Achromat	100,00	30,00		3				61,36	8,25	BK7	-44,30	2,80	SF5	-128,90																		
45217	Achromat	125,00	30,00		3				81,53	4,92	SK11	-56,59	2,50	SF5	-220,08																		
32502	Achromat	150,00	30,00		3				91,31	8,10	BK7	-65,57	2,60	SF5	-195,87																		
45415	Achromat	200,00	30,00		3				123,77	5,00	BK7	-89,22	2,50	SF5	-259,43																		
45269	Achromat	300,00	30,00		3				184,40	4,50	BK7	-133,95	2,50	SF5	-394,96																		
45218	Achromat	60,00	40,00		3				37,33	14,46	SK11	-31,54	3,00	SF5	-124,51																		
45105	Achromat	80,00	40,00		3				53,76	12,07	BaFN10	-36,73	4,00	SF10	-435,85																		
32921	Achromat	120,00	40,00		3				65,22	9,60	SSKN8	-62,03	4,20	SF10	-1240,67																		
32923	Achromat	160,00	40,00		3				98,66	8,50	BK7	-70,73	4,00	SF5	-205,72																		
32925	Achromat	200,00	40,00		3				124,12	8,50	BK7	-87,26	4,00	SF5	-253,10																		
32935	Achromat	250,00	40,00		3				156,00	8,00	BK7	-108,70	4,50	SF5	-313,64																		
45178	Achromat	300,00	40,00		3				194,96	9,00	BaK4	-148,27	4,10	SF10	-483,71																		
32927	Achromat	400,00	40,00		3				257,16	8,50	BK7	-169,03	4,00	SF5	-473,08																		
45352	Achromat	450,00	40,00		3				279,60	6,00	BK7	-199,51	4,00	SF5	-579,39																		
45270	Achromat	500,00	40,00		3				305,31	6,00	BK7	-224,08	4,00	SF5	-667,68																		
45353	Achromat	100,00	50,00		3				69,28	13,92	BaFN10	-46,95	4,00	SF10	-446,01																		
32886	Achromat	150,00	50,00		3				96,85	9,50	BaK4	-73,74	4,00	SF10	-241,63																		
45179	Achromat	200,00	50,00		3				130,48	9,00	BaK4	-99,36	3,50	SF10	-320,20																		
45180	Achromat	250,00	50,00		3				162,59	9,75	BaK4	-123,82	3,50	SF10	-402,58																		
45181	Achromat	300,00	50,00		3				173,11	9,00	BaK4	-164,03	3,50	SF10	-709,83																		
45354	Achromat	350,00	50,00		3				227,16	8,00	BaK4	-174,83	4,00	SF10	-571,49																		
45271	Achromat	500,00	50,00		3				305,74	8,00	BK7	-223,20	4,00	SF5	-663,82																		
31402	Achromat	354,87	63,50		3				203,94	11,94	BK7	-156,41	8,86	SF2	-569,60			-															
42817	Achromat	486,30	63,50		3				290,86	11,43	BK7	-197,87	10,16	SF2	-680,72			-															
45417	Achromat	200,00	75,00		3				118,81	17,94	BK7	-96,37	6,00	SF5	-288,97																		
45418	Achromat	300,00	75,00		3				184,05	13,59	BK7	-137,34	6,00	SF5	-399,33																		
45419	Achromat	400,00	75,00		3				246,50	11,05	BK7	-180,92	6,00	SF5	-526,70																		
30976	Achromat	849,96	76,56		4				497,21	13,08	BK7	-345,82	0,1		-344,20	10,16	SF2	-1227,86															
50107	Achromat	1524,73	102,31		4				908,13	12,37	BK7	-626,59	0,1		-625,40	8,76	SF2	-2169,77															
70163	Achromat	1900,24	128,02		4				1131,72	15,42	BK7	-780,87	0,1		-779,37	10,92	SF2	-2704,01															
45552	Ball Lens	0,22	0,3		2				0,15	0,3	BK7	-0,15																					
45553	Ball Lens	0,37	0,5		2				0,25	0,5	BK7	-0,25																					
43708	Ball Lens	0,73	1		2				0,5	1	BK7	-0,5																					
43709	Ball Lens	1,1	1,5		2				0,75	1,5	BK7	-0,75																					
32744	Ball Lens	1,47	2		2				1	2	BK7	-1																					
43710	Ball Lens	1,83	2,5		2				1,25	2,5	BK7	-1,25																					
43711	Ball Lens	2,2	3		2				1,5	3	BK7	-1,5																					
32745	Ball Lens	2,94	4		2				2	4	BK7	-2																					
43712	Ball Lens	3,67	5		2				2,5	5	BK7	-2,5																					
32746	Ball Lens	4,4	6		2				3	6	BK7	-3																					
32747	Ball Lens	5,87	8		2				4	8	BK7	-4																					
32748	Ball Lens	7,34	10		2				5	10	BK7	-5																					
45539	Ball Lens	0,82	1,5		2				0,75	1,5	LaSFN9	-0,75																					
45540	Ball Lens	1,09	2		2				1	2	LaSFN9	-1																					
45541	Ball Lens	1,36	2,5		2				1,25	2,5	LaSFN9	-1,25																					
45542	Ball Lens	1,63	3		2				1,5	3	LaSFN9	-1,5																					
45544	Ball Lens	2,72	5		2				2,5	5	LaSFN9	-2,5																					
45545	Ball Lens	3,26	6		2				3	6	LaSFN9	-3																					
45546	Ball Lens	4,35	8		2				4	8	LaSFN9	-4																					
45547	Ball Lens	5,44	10		2				5	10	LaSFN9	-5																					
46115	Ball Lens	0,17	0,3		2				0,15	0,3	sapphire	-0,15																					
46116	Ball Lens	0,23	0,4		2				0,2	0,4	sapphire	-0,2																					
46117	Ball Lens	0,29	0,5		2				0,25	0,5	sapphire	-0,25																					
46118	Ball Lens	0,46	0,79		2				0,4	0,79	sapphire	-0,4																					
43638	Ball Lens	0,58	1		2				0,5	1	sapphire	-0,5																					
43640	Ball Lens	0,86	1,5		2				0,75	1,5	sapphire	-0,75																					
46119	Ball Lens	0,91	1,58		2				0,79	1,58	sapphire	-0,79																					
43642	Ball Lens	1,15	2		2				1	2	sapphire	-1																					
46120	Ball Lens	1,37	2,38		2				1,19	2,38	sapphire	-1,19																					
43819	Ball Lens	1,44	2,5		2				1,25	2,5	sapphire	-1,25																					
43821	Ball Lens	1,6	2,78		2				1,39	2,78	sapphire	-1,39																					
43644	Ball Lens	1,73	3		2				1,5	3	sapphire	-1,5																					
46121	Ball Lens	1,83	3,18		2				1,59	3,18	sapphire	-1,59																					
43823	Ball Lens	2,3	4		2				2	4	sapphire	-2																					
46122	Ball Lens	2,74	4,76		2				2,38	4,76	sapphire	-2,38																					
43646	Ball Lens	2,88	5		2				2,5	5	sapphire	-2,5																					
43827	Ball Lens	3,17	5,55		2				2,78	5,55	sapphire	-2,78																					
43829	Ball Lens	3,45	6		2				3	6	sapphire	-3																					
43831	Ball Lens	3,65	6,35		2				3,18	6,35	sapphire	-3,18																					
43713	Ball Lens	1,23	2		2				1	2	SF8	-1																					
43714	Ball Lens	1,28	2,5		2				1,25	2,5	SF8	-1,25																					
43715	Ball Lens	1,84	3		2				1,5	3	SF8	-1,5																					
43716	Ball Lens	2,45	4		2				2	4	SF8	-2																					
45113	Laser Focusing Singlets	5,5	5	3	2				3,1	3,45	BK7	-20,45																					
45114	Laser Focusing Singlets	8	5	3	2				4,63	2,5	BK7	-30,59																					
45115	Laser Focusing Singlets	8,5	5	3	2				4,92	2,65	BK7	-32,48																					
45116	Laser Focusing Singlets	9	5	3	2				5,24	2,15	BK7	-34,6																					
32987	DCV	-6,0	6,0		2				-9,74	1,50	SF11	9,74																					
48340	DCV	-9,0	9,0		2				-14,60	2,25	SF11	14,60																					
32989	DCV	-12,0	12,0		2				-19,47	3,00	SF11	19,47																					
32991	DCV	-20,0	20,0		2				-31,82	2,00	SF11	31,82																					
32995	DCV	-100,0	25,0		2				-104,20	5,00	BK7	104,20																					
32997	DCV	-50,0	25,0		2				-52,10	2,50	BK7	52,10																					
32993	DCV	-25,0	25,0		2				-39,78	2,50	SF11	39,78																					
31858	DCX	3,0	3,0		2				3,50	2,30	SF5	-3,50																					
31859	DCX	4,5	3,0		2				4,29	2,00	BK7	-4,29																					
45130	DCX	6,0	3,0		2				5,88	1,80	BK7	-5,88																					
45132	DCX	9,0	3,0		2				9,02	1,60	BK7	-9,02																					
45177	DCX	4,5	4,5		2				6,58	2,60	LaSFN30	-6,58																					
45186	DCX	9,0	4,5		2				8,88	2,38	BK7	-8,88																					
31860	DCX	6,0	6,0		2				7,59	2,54	SF5	-7,59																					
31861	DCX	9,0	6,0		2				8,91	2,25	BK7	-8,91																					
32965	DCX	12,0	6,0		2				11,98	2,40	BK7	-11,98																					
32967	DCX	18,0	6,0		2				18,22	2,20	BK7	-18,22																					
32868	DCX	24,0	6,0		2				24,36	2,60	BK7	-24,36																					
45134	DCX	30,0	6,0		2				30,61	2,30	BK7	-30,61																					
45291	DCX	36,0	6,0		2				36,87	2,00	BK7	-36,87																					
32019	DCX	9,0	9,0		2				11,38	3,45	SF5	-11,38																					
32017	DCX	13,5	9,0		2				13,46	2,75	BK7	-13,46																					
32969	DCX	18,0	9,0		2				18,15	2,60	BK7	-18,15																					
45156	DCX	27,0	9,0		2				27,43	2,74	BK7	-27,43																					
45158	DCX	36,0	9,0		2				36,77	2,55	BK7	-36,77																					
45293	DCX	45,0	9,0		2				46,08	2,50	BK7	-46,08																					
32015	DCX	12,0	12,0		2				15,34	3,85	SF5	-15,34																					
32013	DCX	18,0	12,0		2				18,01	3,48	BK7	-18,01																					
32901	DCX	24,0	12,0		2				24,40	4,00	K5	-24,40																					
45088	DCX	30,0	12,0		2				30,36	3,70	BK7	-30,36																					
32870	DCX	36,0	12,0		2				36,65	3,30	BK7	-36,65																					
45160	DCX	48,0	12,0		2				49,14	2,74	BK7	-49,14																					
32872	DCX	72,0	12,0		2				73,97	2,80	BK7	-73,97																					
45100	DCX	15,0	15,0		2				22,51	4,50	SF11	-22,51																					
45102	DCX	22,5	15,0		2				34,36	4,20	SF11	-34,36																					
32706	DCX	30,0	15,0		2				30,50	4,00	BK7	-30,50																					
32939	DCX	50,0	15,0		2				51,16	3,00	BK7	-51,16																					
32708	DCX	27,0	18,0		2				27,08	5,50	BK7	-27,08																					
32710	DCX	36,0	18,0		2				36,60	4,80	BK7	-36,60																					
45295	DCX	30,0	20,0		2				30,08	5,30	BK7	-30,08																					
32712	DCX	40,0	20,0		2				40,67	5,30	BK7	-40,67																					
32490	DCX	25,0	25,0		2				31,94	8,00	SF5	-31,94																					
45162	DCX	35,0	25,0		2				35,09	6,60	BK7	-35,09																					
45297	DCX	40,0	25,0		2				40,42	5,30	BK7	-40,42																					
32625	DCX	50,0	25,0		2				50,80	5,00	BK7	-50,80																					
32627	DCX	75,0	25,0		2				76,66	3,50	BK7	-76,66																					
32718	DCX	100,0	25,0		2				103,00	4,00	BK7	-103,00																					
32874	DCX	125,0	25,0		2				128,65	3,50	BK7	-128,65																					
32876	DCX	150,0	25,0		2				154,52	3,40	BK7	-154,52																					
32878	DCX	175,0	25,0		2				180,40	3,20	BK7	-180,40																					
32903	DCX	200,0	25,0		2				208,34	5,00	K5	-208,34																					
32905	DCX	400,0	25,0		2				417,54	5,00	K5	-417,54																					
45164	DCX	50,0	30,0		2				50,67	6,55	BK7	-50,67																					
45166	DCX	75,0	30,0		2				76,67	4,96	BK7	-76,67																					
32880	DCX	70,0	35,0		2				71,08	7,50	BK7	-71,08																					
45168	DCX	60,0	40,0		2				60,56	8,80	BK7	-60,56																					
32907	DCX	80,0	40,0		2				82,29	8,00	K5	-82,29																					
32909	DCX	100,0	40,0		2				103,21	8,00	K5	-103,21																					
32911	DCX	200,0	40,0		2				207,93	8,00	K5	-207,93																					
45299	DCX	400,0	40,0		2				412,09	8,00	BK7	-412,09																					
32979	DCX	50,0	50,0		2				74,78	16,00	SF11	-74,78																					
32981	DCX	100,0	50,0		2				101,63	10,00	BK7	-101,63																					
32983	DCX	150,0	50,0		2				153,49	9,00	BK7	-153,49																					
45170	DCX	200,0	50,0		2				205,86	5,05	BK7	-205,86																					
45172	DCX	250,0	50,0		2				257,57	4,93	BK7	-257,57																					
45548	Drum Lens	1,83	2		2				1,25	2,5	bk7	-1,25																					
46524	Drum Lens	2,42	2		2				1,25	2	BK7	0																					
45549	Drum Lens	2,2	2,4		2				1,5	3	bk7	-1,5																					
46525	Drum Lens	2,9	2,4		2				1,5	2,4	BK7	0																					
45550	Drum Lens	2,94	3,2		2				2	4	bk7	-2																					
46526	Drum Lens	3,87	3,2		2				2	3,2	BK7	0																					
45551	Drum Lens	3,67	4		2				2,5	5	bk7	-2,5																					
46527	Drum Lens	4,84	4		2				2,5	4	BK7	0																					
45663	Drum Lens	1,36	2		2				1,25	2,5	LaSFN9	-1,25																					
46528	Drum Lens	1,47	2		2				1,25	2	LASFN9	0																					
45664	Drum Lens	1,63	2,4		2				1,5	3	LaSFN9	-1,5																					
46529	Drum Lens	1,76	2,4		2				1,5	2,4	LASFN9	0																					
45665	Drum Lens	2,18	3,2		2				2	4	LaSFN9	-2																					
46530	Drum Lens	2,35	3,2		2				2	3,2	LASFN9	0																					
45666	Drum Lens	2,72	4		2				2,5	5	LaSFN9	-2,5																					
46531	Drum Lens	2,94	4		2				2,5	4	LASFN9	0																					
45933	Half Ball Lens	1,94	2		2				1	1	bk7	0																					
47269	Half Ball Lens	2,9	3		2				1,5	1,5	bk7	0																					
45934	Half Ball Lens	3,87	4		2				2	2	bk7	0																					
47270	Half Ball Lens	4,84	5		2				2,5	2,5	bk7	0																					
45935	Half Ball Lens	5,81	6		2				3	3	bk7	0																					
45936	Half Ball Lens	7,74	8		2				4	4	bk7	0																					
45937	Half Ball Lens	9,68	10		2				5	5	bk7	0																					
36187	Hastings Triplet	12,50	8,00		4				9,48	0,89	  F2	4,66	5,40	  K5	-4,66	0,89	  F2	-9,48															
45251	Hastings Triplet	20,00	12,50		4				14,95	1,10	F2	7,34	7,98	BK7	-7,34	1,10	F2	-14,95															
30120	Hastings Triplet	25,40	15,01		4				19,00	1,14	  F2	9,30	10,21	 BK7	-9,30	1,14	  F2	-19,00															
30229	Hastings Triplet	40,30	23,00		4				32,48	3,50	F2	18,15	11,00	BK7	-18,15	3,50	F2	-32,48															
47128	Ball Lens	0,497	1,00		2				0,50	1,00	S-LAH79	-0,50																					
47129	Ball Lens	0,995	2,00		2				1,00	2,00	S-LAH79	-1,00																					
47130	Ball Lens	2,487	5,00		2				2,50	5,00	S-LAH79	-2,50																					
47131	Ball Lens	3,979	8,00		2				4,00	8,00	S-LAH79	-4,00																					
45528	Ball Lens	0,73	1		2				0,5	1	BK7	-0,5																					
45529	Ball Lens	1,1	1,5		2				0,75	1,5	BK7	-0,75																					
45530	Ball Lens	1,47	2		2				1	2	BK7	-1																					
45531	Ball Lens	1,83	2,5		2				1,25	2,5	BK7	-1,25																					
45533	Ball Lens	2,94	4		2				2	4	BK7	-2																					
45535	Ball Lens	4,4	6		2				3	6	BK7	-3																					
45536	Ball Lens	5,87	8		2				4	8	BK7	-4																					
45537	Ball Lens	7,34	10		2				5	10	BK7	-5																					
43674	Spherical Mirror	4,5	9		1				-9		mirror																						
46231	Spherical Mirror	10	10		1				-20		mirror																						
46232	Spherical Mirror	20	10		1				-40		mirror																						
46233	Spherical Mirror	40	10		1				-80		mirror																						
43462	Spherical Mirror	6	12		1				-12		mirror																						
43463	Spherical Mirror	12	12		1				-24		mirror																						
46234	Spherical Mirror	15	15		1				-30		mirror																						
46235	Spherical Mirror	30	15		1				-60		mirror																						
46236	Spherical Mirror	60	15		1				-120		mirror																						
46237	Spherical Mirror	20	20		1				-40		mirror																						
46238	Spherical Mirror	40	20		1				-80		mirror																						
46239	Spherical Mirror	80	20		1				-160		mirror																						
43464	Spherical Mirror	10	25		1				-20		mirror																						
43465	Spherical Mirror	25	25		1				-50		mirror																						
43466	Spherical Mirror	50	25		1				-100		mirror																						
43536	Spherical Mirror	25,4	25,4		1				-50,8		mirror																						
43538	Spherical Mirror	50,8	25,4		1				-101,6		mirror																						
43540	Spherical Mirror	76,2	25,4		1				-152,4		mirror																						
43542	Spherical Mirror	101,6	25,4		1				-203,2		mirror																						
43467	Spherical Mirror	15	35		1				-30		mirror																						
43468	Spherical Mirror	35	35		1				-70		mirror																						
43469	Spherical Mirror	25	50		1				-50		mirror																						
43470	Spherical Mirror	50	50		1				-100		mirror																						
43471	Spherical Mirror	100	50		1				-200		mirror																						
43544	Spherical Mirror	50,8	50,8		1				-101,6		mirror																						
43546	Spherical Mirror	101,6	50,8		1				-203,2		mirror																						
43548	Spherical Mirror	304,8	50,8		1				-609,6		mirror																						
43550	Spherical Mirror	508	50,8		1				-1016		mirror																						
43552	Spherical Mirror	1016	50,8		1				-2032		mirror																						
31377	Spherical Mirror	635	63,5		1				-1270		mirror																						
43554	Spherical Mirror	76,2	76,2		1				-152,4		mirror																						
43556	Spherical Mirror	152,4	76,2		1				-304,8		mirror																						
43585	Spherical Mirror	203,2	76,2		1				-406,4		mirror																						
43558	Spherical Mirror	457,2	76,2		1				-914,4		mirror																						
31378	Spherical Mirror	762	76,2		1				-1524		mirror																						
43560	Spherical Mirror	762	76,2		1				-1524		mirror																						
31379	Spherical Mirror	1143	107,95		1				-2286		mirror																						
43966	Spherical Mirror	101,6	127		1				-203,2		mirror																						
43562	Spherical Mirror	152,4	152,4		1				-304,8		mirror																						
43564	Spherical Mirror	304,8	152,4		1				-609,6		mirror																						
43971	Spherical Mirror	609,6	152,4		1				-1219,2		mirror																						
43566	Spherical Mirror	914,4	152,4		1				-1828,8		mirror																						
31380	Spherical Mirror	1524	152,4		1				-3048		mirror																						
43568	Spherical Mirror	1524	152,4		1				-3048		mirror																						
43590	Spherical Mirror	609,6	203,2		1				-1219,2		mirror																						
43570	Spherical Mirror	2540	254		1				-5080		mirror																						
43572	Spherical Mirror	3175	317,5		1				-6350		mirror																						
43992	Mounted Achromat Pair	7,67	12,5	9,5	6				56,54	1,5	SF5	7,72	6,23	BaFN10	-10,60	0,92		10,60	6,23	BaFN10	-7,72	1,5	SF5	-56,54									
43993	Mounted Achromat Pair	8,87	12,5	9,5	6				56,54	1,5	SF5	7,72	6,23	BaFN10	-10,60	1,33		13,98	5,25	BaFN11	-9,35	1,1	sf10	-76,14									
43994	Mounted Achromat Pair	9,61	12,5	9,5	6				56,54	1,5	SF5	7,72	6,23	BaFN10	-10,60	1,56		17,27	5,00	BaFN10	-10,99	1,25	SF10	-107,03									
43995	Mounted Achromat Pair	9,95	12,5	9,5	6				56,54	1,5	SF5	7,72	6,23	BaFN10	-10,60	1,48		15,97	4,5	SSKN8	-15,00	1,2	SF10	-528,23									
55270	Mounted Achromat Pair	10,64	12,5	9,5	6				76,14	1,1	SF10	9,35	5,25	BAFN11	-13,98	1,75		13,98	5,25	BaFN11	-9,35	1,1	sf10	-76,14									
43996	Mounted Achromat Pair	11,78	12,5	9,5	6				76,14	1,1	SF10	9,35	5,25	BAFN11	-13,98	1,97		17,27	5,00	BaFN10	-10,99	1,25	SF10	-107,03									 
43997	Mounted Achromat Pair	12,44	12,5	9,5	6				76,14	1,1	SF10	9,35	5,25	BAFN11	-13,98	1,9		15,97	4,5	SSKN8	-15,00	1,2	SF10	-528,23									
55271	Mounted Achromat Pair	13,22	12,5	9,5	6				107,03	1,25	SF10	10,99	5	BaFN10	-17,27	2,2		17,27	5,00	BaFN10	-10,99	1,25	SF10	-107,03									
43998	Mounted Achromat Pair	14,13	12,5	9,5	6				107,03	1,25	SF10	10,99	5	BaFN10	-17,27	2,12		15,97	4,5	SSKN8	-15,00	1,2	SF10	-528,23									
43999	Mounted Achromat Pair	15,31	12,5	9,5	6				528,23	1,2	SF10	15,00	4,5	SSKN8	-15,97	2,05		15,97	4,5	SSKN8	-15,00	1,2	SF10	-528,23									
55273	Mounted Achromat Pair	15,47	12,5	9,5	6				107,03	1,25	SF10	10,99	5	BaFN10	-17,27	2,43		22,94	3,68	SK11	-15,54	1,5	SF5	-58,84									
55274	Mounted Achromat Pair	17,87	12,5	9,5	6				528,23	1,2	SF10	15,00	4,5	SSKN8	-15,97	2,4		24,77	3,73	BK7	-18,01	1,33	SF5	-51,17									
46000	Mounted Achromat Pair	21,2	12,5	9,5	6				51,17	1,33	SF5	18,01	3,73	BK7	-24,77	2,76		24,77	3,73	BK7	-18,01	1,33	SF5	-51,17									
55275	Mounted Achromat Pair	23,43	12,5	9,5	6				51,17	1,33	SF5	18,01	3,73	BK7	-24,77	2,89		30,73	3,5	BK7	-22,32	1,5	SF5	-64,75									
46001	Mounted Achromat Pair	25,18	12,5	9,5	6				51,17	1,33	SF5	18,01	3,73	BK7	-24,77	2,97		36,51	3,5	BK7	-26,33	1,5	SF5	-78,35									
55272	Mounted Achromat Pair	26,25	12,5	9,5	6				64,75	1,5	SF5	22,32	3,5	BK7	-30,73	3,01		30,73	3,5	BK7	-22,32	1,5	SF5	-64,75									
46002	Mounted Achromat Pair	15,57	25	22	6				118,66	3	SF10	16,08	11,04	BaFN10	-21,17	0,54		21,17	11,04	BaFN10	-16,08	3	SF10	-118,66									
46003	Mounted Achromat Pair	17,92	25	22	6				118,66	3	SF10	16,08	11,04	BaFN10	-21,17	1,57		27,97	9,5	BaFN11	-18,85	2,5	Sf10	-152,94									
46004	Mounted Achromat Pair	19,59	25	22	6				118,66	3	SF10	16,08	11,04	BaFN10	-21,17	2,12		34,53	9	BaFN10	-21,98	2,5	SF10	-214,63									
46007	Mounted Achromat Pair	21,02	25	22	6				118,66	3	SF10	16,08	11,04	BaFN10	-21,17	2,59		46,44	7	BK7	-33,77	2,5	SF5	-95,94									
46005	Mounted Achromat Pair	22,53	25	22	6				152,94	2,5	SF10	18,85	9,5	BaFN11	-27,97	2,69		27,97	9,5	BaFN11	-18,85	2,5	Sf10	-152,94									
46008	Mounted Achromat Pair	23,33	25	22	6				152,94	2,5	SF10	18,85	9,5	BaFN11	-27,97	3,14		34,53	9	BaFN10	-21,98	2,5	SF10	-214,63									
46006	Mounted Achromat Pair	24,07	25	22	6				214,63	2,5	SF10	21,98	9	BaFN10	-34,53	3,09		46,44	7	BK7	-33,77	2,5	SF5	-95,94									
46011	Mounted Achromat Pair	26,22	25	22	6				152,94	2,5	SF10	18,85	9,5	BaFN11	-27,97	3,7		46,44	7	BK7	-33,77	2,5	SF5	-95,94									
46009	Mounted Achromat Pair	27,53	25	22	6				118,66	3	SF10	16,08	11,04	BaFN10	-21,17	3,72		61,47	6	BK7	-44,64	2,5	SF5	-129,94									
46010	Mounted Achromat Pair	29,91	25	22	6				214,63	2,5	SF10	21,98	9	BaFN10	-34,53	4,11		34,53	9	BaFN10	-21,98	2,5	SF10	-214,63									
55276	Mounted Achromat Pair	30,38	25	22	6				1029,79	2,4	SF10	29,95	9	SSKN8	-31,94	3,32		31,94	9	SSKN8	-29,95	2,4	SF10	-1029,79									
46012	Mounted Achromat Pair	31,62	25	22	6				152,94	2,5	SF10	18,85	9,5	BaFN11	-27,97	4,27		61,47	6	BK7	-44,64	2,5	SF5	-129,94									
55279	Mounted Achromat Pair	34,57	25	22	6				1029,79	2,4	SF10	29,95	9	SSKN8	-31,94	4,08		46,44	7	BK7	-33,77	2,5	SF5	-95,94									
55277	Mounted Achromat Pair	39,65	25	22	6				95,94	2,5	SF5	33,77	7	BK7	-46,44	4,85		46,44	7	BK7	-33,77	2,5	SF5	-95,94									
55280	Mounted Achromat Pair	45,01	25	22	6				95,94	2,5	SF5	33,77	7	BK7	-46,44	5,24		61,47	6	BK7	-44,64	2,5	SF5	-129,94									
55278	Mounted Achromat Pair	52,24	25	22	6				129,94	2,5	SF5	44,64	6	BK7	-61,47	5,63		61,47	6	BK7	-44,64	2,5	SF5	-129,94									
45421	Negative Achromat	-25	6,25		3				-17,57	1,00	BaF10	11,48	2,00	FD10	109,44																		
45420	Negative Achromat	-12,5	6,25		3				-24,66	1,00	BaF10	4,24	2,00	FD10	11,25																		
48349	Negative Achromat	-18	9,00		3				-35,51	1,44	BaF10	6,11	2,88	FD10	16,20																		
45828	Negative Achromat	-25	9,00		3				-17,75	2,00	BaF10	12,17	2,55	FD10	109,75																		
48350	Negative Achromat	-15	12,50		3				-10,62	2,00	BaF10	8,63	4,00	FD10	81,12																		
47016	Negative Achromat	-75	12,50		3				-46,07	2,50	BK7	36,65	3	SF5	108,00																		
45220	Negative Achromat	-50	12,50		3				-30,83	2,00	BK7	23,47	1,56	SF5	69,20																		
45424	Negative Achromat	-35	12,50		3				-21,66	2,00	BK7	17,48	1,56	SF5	50,54																		
45219	Negative Achromat	-25	12,50		3				-17,75	2,00	BaF10	12,17	2,55	FD10	109,75																		
48351	Negative Achromat	-30	12,50		3				-21,24	4,00	BaF10	17,26	8	FD10	162,24																		
45423	Negative Achromat	-150	25,00		3				-92,3	2,50	BK7	68,87	4,06	SF5	204,15																		
45222	Negative Achromat	-100	25,00		3				-70,57	2,00	BaF10	45,27	2,57	FD10	412,67																		
45422	Negative Achromat	-75	25,00		3				-46,07	2,50	BK7	36,65	4,06	SF5	108,00																		
45221	Negative Achromat	-50	25,00		3				-35,51	2,50	BaF10	24,58	4,06	FD10	217,99																		
45823	NIR Achromat	15	3		3	0,7	0,88	1,1	7,71	1,8	LakN22	-7,71	1	SFL6	0																		
45783	NIR Achromat	9	6		3	0,7	0,88	1,1	7,34	4	LakN22	-4,18	1,3	SFL6	-11,58																		
45784	NIR Achromat	12	6		3	0,7	0,88	1,1	6,84	3,2	LakN22	-5,99	1	SFL6	-69,82																		
45785	NIR Achromat	15	6		3	0,7	0,88	1,1	8,8	3	LakN22	-7,93	1,2	SFL6	-71,17																		
45786	NIR Achromat	20	6		3	0,7	0,88	1,1	11,29	3	LakN22	-10,63	1,3	SFL6	-134,8																		
45787	NIR Achromat	25	6		3	0,7	0,88	1,1	13,95	3	LakN22	-13,4	1,3	SFL6	-193,19																		
45788	NIR Achromat	30	6		3	0,7	0,88	1,1	16,66	3	LakN22	-16,18	1,3	SFL6	-246,07																		
45789	NIR Achromat	35	6		3	0,7	0,88	1,1	19,39	3	LakN22	-19	1,3	SFL6	-297,39																		
45790	NIR Achromat	40	6		3	0,7	0,88	1,1	21,81	3	LakN22	-22,07	1,3	SFL6	-454,78																		
45824	NIR Achromat	15	9		3	0,7	0,88	1,1	9,68	4,2	LakN22	-7,91	2	SFL6	-39,89																		
45825	NIR Achromat	20	9		3	0,7	0,88	1,1	11,01	3,5	LakN22	-11,01	2	SFL6	-222,6																		
47377	NIR Achromat	30	9		3	0,7	0,88	1,1	16,68	3,5	LakN22	-16,68	2	SFL6	-266,4																		
47378	NIR Achromat	40	9		3	0,7	0,88	1,1	22,35	3,5	LAKNS22	-22,35	2	SFL6	-326,03																		
45791	NIR Achromat	18	12		3	0,7	0,88	1,1	12,05	8	LakN22	-8,65	2,5	SFL6	-37,28																		
45792	NIR Achromat	20	12		3	0,7	0,88	1,1	13,13	8	LakN22	-9,59	2,5	SFL6	-45,11																		
45793	NIR Achromat	25	12		3	0,7	0,88	1,1	15,56	4,5	LakN22	-13,75	2,5	SFL6	-84,13																		
45794	NIR Achromat	30	12		3	0,7	0,88	1,1	17,77	4,5	LakN22	-16,46	2,5	SFL6	-136,8																		
45795	NIR Achromat	35	12		3	0,7	0,88	1,1	20,23	4,5	LakN22	-19,17	2,5	SFL6	-193,84																		
45796	NIR Achromat	40	12		3	0,7	0,88	1,1	22,81	4,5	LakN22	-21,91	2,5	SFL6	-250,49																		
45797	NIR Achromat	50	12		3	0,7	0,88	1,1	28,51	3	LakN22	-28,2	2,5	SFL6	-322,09																		
45798	NIR Achromat	60	12		3	0,7	0,88	1,1	33,92	3	LakN22	-33,81	2,5	SFL6	-419,99																		
45799	NIR Achromat	75	12		3	0,7	0,88	1,1	42,11	3	LakN22	-42,3	2,5	SFL6	-565,11																		
45826	NIR Achromat	25	15		3	0,7	0,88	1,1	14,94	5,65	LakN22	-14,94	3,7	SFL6	-120,18																		
45827	NIR Achromat	30	15		3	0,7	0,88	1,1	17,36	5	LakN22	-17,36	2	SFL6	-187,86																		
45800	NIR Achromat	35	25		3	0,7	0,88	1,1	23,4	11	LakN22	-20,11	4	SFL6	-87,52																		
45801	NIR Achromat	40	25		3	0,7	0,88	1,1	26,27	11	LakN22	-22,26	4	SFL6	-105,93																		
45802	NIR Achromat	45	25		3	0,7	0,88	1,1	29,01	9	LakN22	-25,53	4	SFL6	-132,92																		
45803	NIR Achromat	50	25		3	0,7	0,88	1,1	31,69	8	LakN22	-28,45	4	SFL6	-161,05																		
45804	NIR Achromat	60	25		3	0,7	0,88	1,1	36,27	8	LakN22	-33,8	4	SFL6	-248,86																		
45805	NIR Achromat	75	25		3	0,7	0,88	1,1	43,96	6	LakN22	-42,9	4	SFL6	-392,21																		
45806	NIR Achromat	100	25		3	0,7	0,88	1,1	57,01	6	LakN22	-57,01	4	SFL6	-656,51																		
47380	NIR Achromat	150	25		3	0,7	0,88	1,1	84,66	6	LakN22	-84,66	4	SFL6	-1071,91																		
47271	NIR Achromat	200	25		3	0,7	0,88	1,1	112,88	6	LAKN22	-112,88	4	SFL6	-1415,62																		
47317	NIR Achromat	100	50		3	0,7	0,88	1,1	59,74	14,5	LAKN22	-59,74	5,5	SFL6	-494,7																		
47318	NIR Achromat	150	50		3	0,7	0,88	1,1	86,84	11	LAKN22	-86,84	5,5	SFL6	-894,7																		
47293	NIR Mounted Achromat Pair	18,44	25	22	6	0,7	0,88	1,1	87,52	4	SFL6	20,11	11	LAKN22	-23,4	1,38		23,4	11	LAKN22	-20,11	4	SFL6	-87,52									
47294	NIR Mounted Achromat Pair	21,58	25	22	6	0,7	0,88	1,1	87,52	4	SFL6	20,11	11	LAKN22	-23,4	2,33		31,69	8	LakN22	-28,45	4	SFL6	-161,05									
47295	NIR Mounted Achromat Pair	23,03	25	22	6	0,7	0,88	1,1	87,52	4	SFL6	20,11	11	LAKN22	-23,4	2,65		36,27	8	LakN22	-33,8	4	SFL6	-248,86									
47296	NIR Mounted Achromat Pair	24,77	25	22	6	0,7	0,88	1,1	87,52	4	SFL6	20,11	11	LAKN22	-23,4	3,02		43,96	6	LakN22	-42,9	4	SFL6	-392,21									
47298	NIR Mounted Achromat Pair	26,1	25	22	6	0,7	0,88	1,1	161,05	4	SFL6	28,45	8	LAKN22	-31,69	3,28		31,69	8	LakN22	-28,45	4	SFL6	-161,05									
47297	NIR Mounted Achromat Pair	26,77	25	22	6	0,7	0,88	1,1	87,52	4	SFL6	20,11	11	LAKN22	-23,4	3,41		57,01	6	LakN22	-57,01	4	SFL6	-656,51									
47299	NIR Mounted Achromat Pair	31,11	25	22	6	0,7	0,88	1,1	161,05	4	SFL6	28,45	8	LAKN22	-31,69	3,97		43,96	6	LakN22	-42,9	4	SFL6	-392,21									
47300	NIR Mounted Achromat Pair	38,74	25	22	6	0,7	0,88	1,1	392,21	4	SFL6	42,9	6	LAKN22	-43,96	4,66		43,96	6	LakN22	-42,9	4	SFL6	-392,21									
47301	NIR Mounted Achromat Pair	44,16	25	22	6	0,7	0,88	1,1	392,21	4	SFL6	42,9	6	LAKN22	-43,96	5,05		57,01	6	LakN22	-57,01	4	SFL6	-656,51									
47302	NIR Mounted Achromat Pair	51,41	25	22	6	0,7	0,88	1,1	656,51	4	SFL6	57,01	6	LAKN22	-57,01	5,45		57,01	6	LakN22	-57,01	4	SFL6	-656,51									
45373	PCV	-6,0	3,0		2				-4,71	1,00	SF11	0																					
45375	PCV	-9,0	3,0		2				-7,06	1,00	SF11	0																					
45377	PCV	-18,0	3,0		2				-14,12	1,50	SF11	0																					
45011	PCV	-18,0	6,0		2				-9,30	2,00	BK7	0																					
45009	PCV	-12,0	6,0		2				-6,20	1,50	BK7	0																					
48337	PCV	-9,0	6,0		2				-7,06	1,50	SF11	0																					
45007	PCV	-6,0	6,0		2				-4,71	1,50	SF11	0																					
45383	PCV	-27,0	9,0		2				-21,19	3,00	SF11	0																					
45381	PCV	-18,0	9,0		2				-14,12	2,25	SF11	0																					
48338	PCV	-12,0	9,0		2				-9,42	2,25	SF11	0																					
45379	PCV	-9,0	9,0		2				-7,07	2,25	SF11	0																					
45019	PCV	-48,0	12,0		2				-24,81	3,50	BK7	0																					
45017	PCV	-24,0	12,0		2				-12,40	3,50	BK7	0																					
48339	PCV	-18,0	12,0		2				-14,12	3,50	SF11	0																					
45015	PCV	-12,0	12,0		2				-9,42	2,20	SF11	0																					
45025	PCV	-50,0	20,0		2				-25,84	3,50	BK7	0																					
45023	PCV	-40,0	20,0		2				-20,67	3,50	BK7	0																					
45021	PCV	-30,0	20,0		2				-23,54	3,50	SF11	0																					
45027	PCV	-100,0	25,0		2				-51,68	3,50	BK7	0																					
45029	PCV	-50,0	25,0		2				-25,84	3,50	BK7	0																					
45031	PCV	-25,0	25,0		2				-19,62	3,50	SF11	0																					
45039	PCV	-125,0	50,0		2				-64,60	5,00	BK7	0																					
45037	PCV	-100,0	50,0		2				-51,68	5,00	BK7	0																					
45588	PCX	0,6	1,0		2				0,51	0,80	LaSFN9	0																					
45589	PCX	1,0	1,0		2				0,85	0,80	LaSFN9	0																					
43394	PCX	1,0	1,5		2				0,85	0,80	LaSFN9	0																					
43395	PCX	1,5	1,5		2				1,28	0,80	LaSFN9	0																					
43396	PCX	1,5	2,0		2				1,28	0,80	LaSFN9	0																					
43397	PCX	2,0	2,0		2				1,70	0,80	LaSFN9	0																					
43398	PCX	2,0	2,5		2				1,70	0,80	LaSFN9	0																					
43399	PCX	2,5	2,5		2				2,12	0,80	LaSFN9	0																					
45590	PCX	3,0	2,5		2				2,55	0,8	LaSFN9	0																					
45118	PCX	3,0	3,0		2				2,35	2,00	SF11	0																					
45142	PCX	4,5	3,0		2				3,62	1,80	LaSFN30	0																					
32953	PCX	6,0	3,0		2				3,10	1,80	BK7	0																					
32955	PCX	9,0	3,0		2				4,65	1,50	BK7	0																					
45273	PCX	12,0	3,0		2				6,20	1,08	BK7	0																					
45426	PCX	15,0	3,0		2				7,78	1,26	BK7	0																					
45224	PCX	4,0	4,0		2				3,21	1,70	LaSFN30	0																					
45428	PCX	6,0	4,0		2				3,11	2,26	BK7	0																					
45226	PCX	8,0	4,0		2				5,36	1,39	BaF10	0																					
45430	PCX	10,0	4,0		2				5,19	1,64	BK7	0																					
45432	PCX	12,0	4,0		2				6,22	1,52	BK7	0																					
45144	PCX	4,5	4,5		2				3,61	2,59	LaSFN30	0																					
45148	PCX	9,0	4,5		2				4,65	2,38	BK7	0																					
45228	PCX	5,0	5,0		2				4,02	1,87	LaSFN30	0																					
45230	PCX	10,0	5,0		2				5,17	1,64	BK7	0																					
45434	PCX	12,0	5,0		2				6,22	1,77	BK7	0																					
45355	PCX	15,0	5,0		2				7,75	1,60	BK7	0																					
45078	PCX	6,0	6,0		2				4,71	2,50	SF11	0																					
32470	PCX	9,0	6,0		2				6,05	1,75	SF5	0																					
32472	PCX	12,0	6,0		2				6,20	1,60	BK7	0																					
45080	PCX	15,0	6,0		2				7,75	2,00	BK7	0																					
32474	PCX	18,0	6,0		2				9,30	1,40	BK7	0																					
45232	PCX	21,0	6,0		2				10,85	1,42	BK7	0																					
32957	PCX	24,0	6,0		2				12,40	1,50	BK7	0																					
45120	PCX	30,0	6,0		2				15,50	1,30	BK7	0																					
32849	PCX	36,0	6,0		2				18,61	1,60	BK7	0																					
45234	PCX	48,0	6,0		2				24,81	1,60	BK7	0																					
32851	PCX	72,0	6,0		2				37,22	1,60	BK7	0																					
45082	PCX	9,0	9,0		2				7,06	3,00	SF11	0																					
32010	PCX	13,5	9,0		2				9,09	2,60	SF5	0																					
31854	PCX	18,0	9,0		2				9,32	2,41	BK7	0																					
45236	PCX	22,0	9,0		2				11,37	1,93	BK7	0																					
32959	PCX	27,0	9,0		2				13,95	2,50	BK7	0																					
45122	PCX	36,0	9,0		2				18,61	2,30	BK7	0																					
45357	PCX	45,0	9,0		2				23,26	1,54	BK7	0																					
45084	PCX	12,0	12,0		2				9,42	4,00	SF11	0																					
45303	PCX	15,0	12,0		2				7,75	4,50	BK7	0																					
32007	PCX	18,0	12,0		2				12,12	3,00	SF5	0																					
31855	PCX	24,0	12,0		2				12,42	2,80	BK7	0																					
45086	PCX	30,0	12,0		2				15,50	3,00	BK7	0																					
32887	PCX	36,0	12,0		2				18,83	3,00	K5	0																					
45124	PCX	42,0	12,0		2				21,71	2,70	BK7	0																					
32853	PCX	48,0	12,0		2				24,82	2,50	BK7	0																					
45305	PCX	54,0	12,0		2				27,91	3,00	BK7	0																					
32855	PCX	60,0	12,0		2				31,02	2,50	BK7	0																					
45126	PCX	72,0	12,0		2				37,21	2,40	BK7	0																					
32857	PCX	84,0	12,0		2				43,43	2,50	BK7	0																					
45275	PCX	100,0	12,0		2				51,68	2,50	BK7	0																					
45094	PCX	15,0	15,0		2				10,09	5,50	SF5	0																					
32005	PCX	22,5	15,0		2				15,12	3,35	SF5	0																					
31856	PCX	30,0	15,0		2				15,52	3,18	BK7	0																					
45096	PCX	40,0	15,0		2				20,67	3,00	BK7	0																					
45436	PCX	60,0	15,0		2				31,11	2,05	BK7	0																					
45359	PCX	75,0	15,0		2				38,76	1,83	BK7	0																					
45260	PCX	100,0	15,0		2				51,68	3,00	BK7	0																					
48424	PCX	18,0	18,0		2				14,13	5,00	SF11	0																					
32002	PCX	27,0	18,0		2				18,16	3,80	SF5	0																					
31857	PCX	36,0	18,0		2				18,62	3,57	BK7	0																					
45307	PCX	54,0	18,0		2				27,91	3,00	BK7	0																					
32860	PCX	72,0	18,0		2				37,22	3,00	BK7	0																					
45238	PCX	20,0	20,0		2				15,70	4,60	SF11	0																					
45240	PCX	30,0	20,0		2				20,10	4,50	BaFN10	0																					
32961	PCX	40,0	20,0		2				20,67	4,90	BK7	0																					
45361	PCX	50,0	20,0		2				25,84	3,23	BK7	0																					
32963	PCX	60,0	20,0		2				31,01	4,50	BK7	0																					
32937	PCX	70,0	20,0		2				36,18	3,00	BK7	0																					
45440	PCX	80,0	20,0		2				41,48	2,35	BK7	0																					
32476	PCX	100,0	20,0		2				51,68	4,30	BK7	0																					
45277	PCX	150,0	20,0		2				77,52	3,00	BK7	0																					
45098	PCX	25,0	25,0		2				16,82	8,00	SF5	0																					
45363	PCX	30,0	25,0		2				15,50	8,06	BK7	0																					
45146	PCX	35,0	25,0		2				18,11	7,01	BK7	0																					
45279	PCX	40,0	25,0		2				20,67	5,60	BK7	0																					
32478	PCX	50,0	25,0		2				25,84	4,90	BK7	0																					
45128	PCX	60,0	25,0		2				31,01	4,70	BK7	0																					
32480	PCX	75,0	25,0		2				38,76	4,50	BK7	0																					
45365	PCX	85,0	25,0		2				43,93	4,30	BK7	0																					
32482	PCX	100,0	25,0		2				51,68	4,30	BK7	0																					
32862	PCX	125,0	25,0		2				64,62	3,50	BK7	0																					
32864	PCX	150,0	25,0		2				77,55	3,50	BK7	0																					
32866	PCX	175,0	25,0		2				90,47	3,50	BK7	0																					
32891	PCX	200,0	25,0		2				104,60	3,20	K5	0																					
32893	PCX	400,0	25,0		2				209,20	3,20	K5	0																					
45281	PCX	500,0	25,0		2				258,40	3,20	BK7	0																					
45283	PCX	750,0	25,0		2				387,60	3,20	BK7	0																					
32484	PCX	50,0	30,0		2				33,63	6,35	SF5	0																					
45242	PCX	60,0	30,0		2				31,01	6,00	BK7	0																					
32486	PCX	75,0	30,0		2				38,76	6,10	BK7	0																					
32488	PCX	100,0	30,0		2				51,68	6,00	BK7	0																					
45244	PCX	120,0	30,0		2				62,02	6,00	BK7	0																					
45150	PCX	60,0	40,0		2				31,03	9,31	BK7	0																					
32895	PCX	80,0	40,0		2				41,84	8,00	K5	0																					
32897	PCX	100,0	40,0		2				52,30	7,00	K5	0																					
32899	PCX	200,0	40,0		2				104,60	5,00	K5	0																					
45285	PCX	300,0	40,0		2				155,04	5,00	BK7	0																					
45287	PCX	400,0	40,0		2				206,72	5,00	BK7	0																					
32971	PCX	50,0	50,0		2				39,24	12,00	SF11	0																					
45246	PCX	75,0	50,0		2				38,76	11,00	BK7	0																					
32973	PCX	100,0	50,0		2				51,68	10,00	BK7	0																					
45248	PCX	125,0	50,0		2				64,60	10,00	BK7	0																					
32975	PCX	150,0	50,0		2				77,52	9,00	BK7	0																					
45250	PCX	175,0	50,0		2				90,44	9,00	BK7	0																					
45152	PCX	200,0	50,0		2				103,36	5,07	BK7	0																					
45154	PCX	250,0	50,0		2				129,21	4,94	BK7	0																					
45289	PCX	500,0	50,0		2				258,40	5,00	BK7	0																					
45368	PCX	75,0	75,0		2				38,76	32,68	BK7	0																					
45370	PCX	150,0	75,0		2				77,52	11,45	BK7	0																					
45372	PCX	200,0	75,0		2				103,36	8,74	BK7	0																					
47673	Steinheil Triplet 	12,5	6,25		4				7,81	2	N-BASF64	4,09	5	BK7	-4,09	2	N-BASF64	-7,81															
45399	Steinheil Triplet 	18	9		4				12,45	2,88	BASF1	5,89	7,2	BK7	-5,89	2,88	BASF1	-12,45															
47675	Steinheil Triplet 	25	12,5		4				15,65	4	BASF64	8,22	10	BK7	-8,22	4	BASF64	-15,65															
48054	UV DCV	-20	12		2				-18,64	2	F_Silica	18,64																					
48055	UV DCV	-30	12		2				-27,81	2	F_Silica	27,81																					
48056	UV DCV	-35	12		2				-32,4	2	F_Silica	32,4																					
48057	UV DCV	-45	12		2				-41,57	2	F_Silica	41,57																					
48327	UV DCV	-50	25		2				-46,23	2,5	F_Silica	46,23																					
48328	UV DCV	-100	25		2				-92,08	2,5	F_Silica	92,08																					
48329	UV DCV	-125	25		2				-115	2,5	F_Silica	115																					
08043	UV DCV	-250	50,8		2				-229,78	3,5	F_Silica	229,78																					
08042	UV DCV	-150	50,8		2				-138,09	3,5	F_Silica	138,09																					
08041	UV DCV	-100	50,8		2				-92,24	3,5	F_Silica	92,24																					
08080	UV DCX	10	10		2				8,23	5,39	F_Silica	-8,23																					
08081	UV DCX	15	10		2				13,1	3,98	F_Silica	-13,1																					
48034	UV DCX	12	12		2				9,74	7,09	F_Silica	-9,74																					
48035	UV DCX	20	12		2				17,63	4,37	F_Silica	-17,63																					
48036	UV DCX	30	12		2				26,94	3,52	F_Silica	-26,94																					
48037	UV DCX	35	12		2				31,56	3,29	F_Silica	-31,56																					
48038	UV DCX	45	12		2				40,78	2,99	F_Silica	-40,78																					
48039	UV DCX	75	12		2				68,36	2,59	F_Silica	-68,36																					
08083	UV DCX	20	18		2				17,05	7,64	F_Silica	-17,05																					
08084	UV DCX	40	18		2				35,99	4,29	F_Silica	-35,99																					
48293	UV DCX	25	25		2				21,06	10,9	F_Silica	-21,06																					
48294	UV DCX	50	25		2				44,94	5,66	F_Silica	-44,94																					
48295	UV DCX	60	25		2				54,14	5,52	F_Silica	-54,14																					
48296	UV DCX	75,6	25		2				68,55	4,87	F_Silica	-68,55																					
48297	UV DCX	100	25		2				91,09	3,78	F_Silica	-91,09																					
48298	UV DCX	125	25		2				114,08	3,42	F_Silica	-114,08																					
48299	UV DCX	150	25		2				136,96	3,68	F_Silica	-136,96																					
48300	UV DCX	200	25		2				182,85	3,38	F_Silica	-182,85																					
48301	UV DCX	250	25		2				228,73	3,21	F_Silica	-228,73																					
48302	UV DCX	300	25		2				274,6	3,09	F_Silica	-274,6																					
48303	UV DCX	500	25		2				457,93	3,35	F_Silica	-457,93																					
08019	UV DCX	100	50,8		2				90,04	10,31	F_Silica	-90,04																					
08020	UV DCX	150	50,8		2				136,31	7,78	F_Silica	-136,31																					
08070	UV DCX	200	50,8		2				182,35	6,56	F_Silica	-182,35																					
08021	UV DCX	250	50,8		2				228,31	5,83	F_Silica	-228,31																					
08071	UV DCX	500	50,8		2				457,77	4,41	F_Silica	-457,77																					
45699	UV PCV	-18	6		2				-8,25	2	F_Silica	0																					
45698	UV PCV	-12	6		2				-5,5	2	F_Silica	0																					
45697	UV PCV	-9	6		2				-4,13	2	F_Silica	0																					
45702	UV PCV	-27	9		2				-12,4	2	F_Silica	0																					
45701	UV PCV	-18	9		2				-8,25	2	F_Silica	0																					
45700	UV PCV	-13,5	9		2				-6,2	2	F_Silica	0																					
48046	UV PCV	-25	12		2				-11,46	2	F_Silica	0																					
48047	UV PCV	-30	12		2				-13,75	2	F_Silica	0																					
48048	UV PCV	-40	12		2				-18,33	2	F_Silica	0																					
48049	UV PCV	-50	12		2				-22,92	2	F_Silica	0																					
48315	UV PCV	-50	25		2				-22,92	2	F_Silica	0																					
48316	UV PCV	-75	25		2				-34,38	2,5	F_Silica	0																					
48317	UV PCV	-100	25		2				-45,84	2,5	F_Silica	0																					
48318	UV PCV	-150	25		2				-68,76	2,5	F_Silica	0																					
48319	UV PCV	-200	25		2				-91,69	2,5	F_Silica	0																					
48320	UV PCV	-250	25		2				-114,91	2,5	F_Silica	0																					
08075	UV PCV	-500	50,8		2				-229,23	4	F_Silica	0																					
08074	UV PCV	-250	50,8		2				-114,62	3,5	F_Silica	0																					
08033	UV PCV	-200	50,8		2				-91,69	3,5	F_Silica	0																					
08032	UV PCV	-150	50,8		2				-68,79	3,5	F_Silica	0																					
08031	UV PCV	-100	50,8		2				-45,85	3,5	F_Silica	0																					
08030	UV PCV	-75	50,8		2				-34,39	3,5	F_Silica	0																					
45690	UV PCX	9	6		2				4,13	2,5	F_Silica	0																					
45691	UV PCX	12	6		2				5,5	2	F_Silica	0																					
45692	UV PCX	18	6		2				8,25	2	F_Silica	0																					
45693	UV PCX	13,5	9		2				6,19	3	F_Silica	0																					
45694	UV PCX	18	9		2				8,25	3	F_Silica	0																					
45695	UV PCX	27	9		2				12,38	2	F_Silica	0																					
48024	UV PCX	25	12		2				11,46	3,92	F_Silica	0																					
48025	UV PCX	30	12		2				13,75	3,55	F_Silica	0																					
48026	UV PCX	40	12		2				18,34	3,13	F_Silica	0																					
48027	UV PCX	50	12		2				22,92	2,9	F_Silica	0																					
48028	UV PCX	100	12		2				45,85	2,44	F_Silica	0																					
48273	UV PCX	38	25		2				17,42	7,25	F_Silica	0																					
48274	UV PCX	50	25		2				22,92	5,84	F_Silica	0																					
48275	UV PCX	75	25		2				34,39	4,43	F_Silica	0																					
48276	UV PCX	100	25		2				45,85	3,79	F_Silica	0																					
48277	UV PCX	125	25		2				57,3	3,42	F_Silica	0																					
48278	UV PCX	150	25		2				68,79	3,18	F_Silica	0																					
48279	UV PCX	175	25		2				80,23	3,01	F_Silica	0																					
48280	UV PCX	200	25		2				91,96	2,88	F_Silica	0																					
48281	UV PCX	250	25		2				114,61	2,71	F_Silica	0																					
48282	UV PCX	400	25		2				183,39	2,44	F_Silica	0																					
08008	UV PCX	75	50,8		2				34,39	14,21	F_Silica	0																					
08009	UV PCX	100	50,8		2				45,85	10,68	F_Silica	0																					
08010	UV PCX	150	50,8		2				68,79	7,86	F_Silica	0																					
08011	UV PCX	200	50,8		2				91,69	6,59	F_Silica	0																					
08063	UV PCX	250	50,8		2				114,62	5,85	F_Silica	0																					
08064	UV PCX	300	50,8		2				137,54	5,37	F_Silica	0																					
47051	CAF2 PCX	50	25,4		2	0,25	5	7	20	6,4	CAF2	0																					
47174	CAF2 PCX	63	25,4		2	0,25	5	7	25,1	5,4	CAF2	0																					
47052	CAF2 PCX	75	25,4		2	0,25	5	7	29,9	4,8	CAF2	0																					
47175	CAF2 PCX	100	25,4		2	0,25	5	7	39,9	4,1	CAF2	0																					
47053	CAF2 PCX	150	25,4		2	0,25	5	7	59,98	3,4	CAF2	0																					
47054	CAF2 PCX	200	25,4		2	0,25	5	7	79,98	3	CAF2	0																					
47176	CAF2 PCX	250	25,4		2	0,25	5	7	100	2,8	CAF2	0																					
47055	CAF2 PCX	500	25,4		2	0,25	5	7	199,99	2,4	CAF2	0																					
47177	CAF2 PCX	1000	25,4		2	0,25	5	7	399,9	2,2	CAF2	0																					
47056	CAF2 DCX	25,4	25,4		2	0,25	5	7	18,37	12,2	CAF2	-18,37																					
47057	CAF2 DCX	50,8	25,4		2	0,25	5	7	39,61	6,2	CAF2	-39,61																					
48018	CAF2 DCX	63,5	25,4		2	0,25	5	7	49,89	5,3	CAF2	-49,89																					
47058	CAF2 DCX	76,2	25,4		2	0,25	5	7	60,12	4,7	CAF2	-60,12																					
47059	CAF2 DCX	100	25,4		2	0,25	5	7	79,07	4,1	CAF2	-79,07																					
48019	CAF2 DCX	150	25,4		2	0,25	5	7	119,12	3,4	CAF2	-119,12																					
47072	ZNSE PCX	50,8	25,4		2	0,6	10,6	16	71,46	3,1	ZNSE	0																					
47181	ZNSE PCX	63,5	25,4		2				89,14	2,9	ZNSE	0																					
47073	ZNSE PCX	75	25,4		2				106,15	2,8	ZNSE	0																					
48020	ZNSE PCX	100	25,4		2				139,96	2,6	ZNSE	0																					
47074	ZNSE PCX	127	25,4		2				180,32	2,5	ZNSE	0																					
48021	ZNSE PCX	150	25,4		2				209,91	2,4	ZNSE	0																					
47075	ZNSE PCX	200	25,4		2				281,2	2,3	ZNSE	0																					
47182	ZNSE PCX	254	25,4		2				356,51	2,2	ZNSE	0																					
47076	ZNSE PCX	500	25,4		2				698,17	2,1	ZNSE	0																					
48428	Half Ball Lens	0,65	1		2				0,5	0,5	sapphire	0																					
48429	Half Ball Lens	1,3	2		2				1	1	sapphire	0																					
48430	Half Ball Lens	2,07	3,18		2				1,59	1,59	sapphire	0																					
48431	Half Ball Lens	3,1	4,76		2				2,38	2,38	sapphire	0																					
48432	Half Ball Lens	3,26	5		2				2,5	2,5	sapphire	0																					
48433	Half Ball Lens	4,13	6,35		2				3,18	3,18	sapphire	0																					
